商業名稱,負責人,商業所在地,設立時間,登記項目,year,section.y,
歆奇工作室,黃俊哲,臺北市萬華區西寧南路70之27號,107/01/17,未分類其他服務業,2018,西寧南路,
帆順足體養身館,翁旭壽,臺北市萬華區峨眉街127之1號1樓,107/01/16,傳統整復推拿業按摩業腳底按摩業,2018,峨眉街,
豐采飲料店,王碧忠,臺北市萬華區峨眉街5號地下1層之20、之21,或限制之業務107/01/02飲料店業,峨眉街,2018,峨眉街,
九冠企業社,劉明道,臺北市萬華區武昌街2段116之3號,107/01/11,飲料店業,2018,武昌街2段,
兆昌娛樂企業社,蔡耀霆,臺北市萬華區武昌街2段68號,107/01/26,文教、樂器、育樂用品零售業便利商店業除許可業務外，得經營法令非禁止或限制之業務,2018,武昌街2段,
新日光企業社,陳韋如,臺北市萬華區西寧南路36之57號,107/01/30,電腦及事務性機器設備零售業電信器材零售業照相器材零售業電信業務門號代辦業除許可業務外，得經營法令非禁止或限制之業務,2018,西寧南路,
玩宸企業社,林久鈺,臺北市萬華區峨眉街6巷2號,107/01/03,實境體感應用服務業,2018,峨眉街,
千暉鵝肉店,劉士豪,臺北市萬華區成都路27巷27號,107/01/24,餐館業,2018,成都路,
炸嘎小吃店,廖甫凰,臺北市萬華區武昌街2段134號1樓,107/02/05,食品什貨、飲料零售業飲料店業其他餐飲業餐館業,2018,武昌街2段,
炸嘎小吃店,廖甫凰,臺北市萬華區武昌街2段134號1樓,107/02/05,食品什貨、飲料零售業飲料店業其他餐飲業餐館業,2018,武昌街2段,
大宇宙小吃店,李宗弦,臺北市萬華區康定路116號1樓,107/02/06,餐館業食品什貨、飲料零售業除許可業務外，得經營法令非禁止或限制之業務,2018,康定路,
大千世界小吃店,魏碧雲,臺北市萬華區康定路120號,107/02/06,餐館業食品什貨、飲料零售業除許可業務外，得經營法令非禁止或限制之業務,2018,康定路,
圖肉蛙食府,陳柏安,臺北市萬華區西寧南路70號地下1層之7,NA,或限制之業務107/02/14餐館業除許可業務外，得經營法令非禁止,2018,西寧南路,
富發手作企業社,劉家堯,臺北市萬華區武昌街2段50巷19號,107/02/27,布疋、衣著、鞋、帽、傘、服飾品零售業家具、寢具、廚房器具、裝設品零售業日常用品零售業無店面零售業其他綜合零售業國際貿易業產品設計業,2018,武昌街2段,
瘋潮通訊企業社,楊幸娟,臺北市萬華區西寧南路36之20號,107/03/01,文教、樂器、育樂用品批發業電器批發業電腦及事務性機器設備批發業電信器材批發業電池批發業資訊軟體批發業電子材料批發業電器零售業電腦及事務性機器設備零售業電信器材零售業電池零售業無店面零售業國際貿易業除許可業務外，得經營法令非禁止,2018,西寧南路,
唐舖子企業社,吳兆宜,臺北市萬華區漢中街110之1號,107/03/02,飲料批發業茶葉批發業食品什貨批發業食品什貨、飲料零售業其他零售業其他綜合零售業除許可業務外，得經營法令非禁止或限制之業務,2018,漢中街,
百元寶選物販賣屋,趙純德,臺北市萬華區中華路1段216號,107/03/08,文教、樂器、育樂用品零售業,2018,中華路1段,
共享服飾店,江承恭,臺北市萬華區漢中街107之1號,107/03/13,布疋、衣著、鞋、帽、傘、服飾品零售業除許可業務外，得經營法令非禁止或限制之業務,2018,漢中街,
珍滿足養生館,江明書,臺北市萬華區西寧南路93號1樓,107/03/13,美容美髮服務業瘦身美容業,2018,西寧南路,
福昌娛樂企業社,郭育君,臺北市萬華區漢中街34之1號,107/03/14,文教、樂器、育樂用品零售業便利商店業除許可業務外，得經營法令非禁止或限制之業務,2018,漢中街,
澔祺商行,劉秀玲,臺北市萬華區武昌街2段82巷2弄2號,107/03/21,食品什貨、飲料零售業飲料店業餐館業,2018,武昌街2段,
萬華鏡商號,萬逸安,臺北市萬華區康定路263號,107/03/26,飲料店業,2018,康定路,
天空商行,黃鈞成,臺北市萬華區西寧南路36之45號,107/03/27,食品什貨、飲料零售業布疋、衣著、鞋、帽、傘、服飾品零售業日常用品零售業,2018,西寧南路,
摳摳尊商行,楊惠琳,臺北市萬華區中華路1段114巷4號1樓,107/03/28,文教、樂器、育樂用品零售業,2018,中華路1段,
銅板商行,高敏真,臺北市萬華區中華路1段114巷31號1樓、2樓,107/03/29,文教、樂器、育樂用品零售業食品什貨、飲料零售業日常用品零售業化_品零售業首飾及貴金屬零售業電子材料零售業除許可業務外，得經營法令非禁止或限制之業務,2018,中華路1段,
十八男女會館,林信德,臺北市萬華區昆明街191號,107/03/30,傳統整復推拿業按摩業腳底按摩業除許可業務外，得經營法令非禁止,2018,昆明街,
紫城牛肉麵館,高文煒,臺北市萬華區昆明街109號1樓,107/03/16,餐館業,2018,昆明街,
加賀百貨行,蕭永康,臺北市萬華區西寧南路48之5號1樓,107/04/17,文教、樂器、育樂用品零售業除許可業務外，得經營法令非禁止或限制之業務,2018,西寧南路,
好客撞球場,方韋中,臺北市萬華區漢口街2段54號地下,107/04/03,競技及休閒運動場館業,2018,漢口街2段,
怡蘭小吃店,丁怡如,臺北市萬華區成都路123號,107/04/13,餐館業飲料店業其他餐飲業除許可業務外，得經營法令非禁止,2018,成都路,
搏起國際企業社,劉政叡,臺北市萬華區昆明街283號1樓,107/04/20,布疋、衣著、鞋、帽、傘、服飾品零售業除許可業務外，得經營法令非禁止或限制之業務,2018,昆明街,
漢中抓抓族商行,盧永峰,臺北市萬華區漢中街61號,107/04/24,文教、樂器、育樂用品零售業,2018,漢中街,
詠讚企業社,邱珮純,臺北市萬華區峨眉街6巷2號,107/04/26,資訊軟體服務業電子資訊供應服務業實境體感應用服務業資訊休閒業除許可業務外，得經營法令非禁止或限制之業務,2018,峨眉街,
立軒實業社,賴啟銘,臺北市萬華區漢中街101、101之1號,107/04/30,食品什貨、飲料零售業飲料店業餐館業其他餐飲業除許可業務外，得經營法令非禁止或限制之業務,2018,漢中街,
昆鑫娛樂行,李坤昌,臺北市萬華區昆明街38號1樓,107/05/01,文教、樂器、育樂用品零售業除許可業務外，得經營法令非禁止,2018,昆明街,
峨眉六六商行,葉碧蟬,臺北市萬華區峨眉街66號,107/05/07,飲料批發業茶葉批發業食品什貨批發業布疋、衣著、鞋、帽、傘、服飾品批發業家具、寢具、廚房器具、裝設品批發業日常用品批發業食品什貨、飲料零售業布疋、衣著、鞋、帽、傘、服飾品零售業家具、寢具、廚房器具、裝設品零售業日常用品零售業無店面零售業國際貿易業飲料店業除許可業務外，得經營法令非禁止或限制之業務,2018,峨眉街,
超越巔峰運動彩券行,陳氏玉嬌,臺北市萬華區武昌街2段101號1樓,107/05/14,運動彩券經銷業,2018,武昌街2段,
魔帽景品商行,林園島,臺北市萬華區中華路1段114巷7號,107/05/17,文教、樂器、育樂用品零售業除許可業務外，得經營法令非禁止,2018,中華路1段,
果食多企業社,連家緯,臺北市萬華區昆明街274號1樓,0,或限制之業務107/05/17餐館業,2018,昆明街,
億昌娛樂企業社,唐孝權,臺北市萬華區成都路26、28號,107/05/31,文教、樂器、育樂用品零售業便利商店業除許可業務外，得經營法令非禁止或限制之業務,2018,成都路,
賀夾商行,馮鉦淮,臺北市萬華區武昌街2段13號,107/05/31,文教、樂器、育樂用品零售業,2018,武昌街2段,
茶茶果飲料店,謝譽胤,臺北市萬華區漢中街36之1號1樓,107/06/14,飲料店業,2018,漢中街,
茂田商行,林芯榕,臺北市萬華區武昌街2段3號1樓,107/06/13,食品什貨、飲料零售業布疋、衣著、鞋、帽、傘、服飾品零售業化_品零售業除許可業務外，得經營法令非禁止或限制之業務,2018,武昌街2段,
萌夾景品選物販賣店,謝文豪,臺北市萬華區成都路27巷13號1樓,107/06/28,文教、樂器、育樂用品零售業食品什貨、飲料零售業,2018,成都路,
一七茶酉商行,張益基,臺北市萬華區中華路1段144之31號,107/07/02,飲料店業食品什貨、飲料零售業農產品零售業菸酒零售業,2018,中華路1段,
詠合時尚舒壓館,柳辰穎,臺北市萬華區昆明街304號1樓2樓,107/07/09,美容美髮服務業未分類其他服務業化_品零售業除許可業務外，得經營法令非禁止,2018,昆明街,
士本理髮廳,林士傑,臺北市萬華區中華路1段144之28號,107/07/19,美容美髮服務業,2018,中華路1段,
林錦商行,林添益,臺北市萬華區漢中街25號,107/07/26,食品什貨、飲料零售業布疋、衣著、鞋、帽、傘、服飾品零售業化_品零售業乙類成藥零售業首飾及貴金屬零售業其他綜合零售業飲料店業除許可業務外，得經營法令非禁止,2018,漢中街,
果嫁凍涼商號,魏廷芬,臺北市萬華區漢中街101號,107/07/31,食品什貨、飲料零售業農產品零售業畜產品零售業水產品零售業國際貿易業除許可業務外，得經營法令非禁止或限制之業務,2018,漢中街,
冰狗商行,吳嘉芬,臺北市萬華區武昌街2段124之23號1樓,107/07/25,文教、樂器、育樂用品零售業,2018,武昌街2段,
佳琪商行,吳佳琪,臺北市萬華區昆明街198號1樓,107/08/06,文教、樂器、育樂用品零售業,2018,昆明街,
就是愛夾商行,蕭宏展,臺北市萬華區康定路236號1樓,107/08/10,文教、樂器、育樂用品零售業,2018,康定路,
松泰企業社,陳泰伊,臺北市萬華區昆明街134之3號1樓、2樓,107/08/10,文教、樂器、育樂用品零售業文教、樂器、育樂用品批發業無店面零售業除許可業務外，得經營法令非禁止,2018,昆明街,
依勝商行,許恭豪,臺北市萬華區漢中街109之2號,107/08/16,不動產租賃業不動產買賣業除許可業務外，得經營法令非禁止或限制之業務,2018,漢中街,
佳幄商行,許恭豪,臺北市萬華區峨眉街6巷2號,107/08/16,不動產租賃業不動產買賣業除許可業務外，得經營法令非禁止或限制之業務,2018,峨眉街,
松足養生會館,陳泊松,臺北市萬華區西寧南路307號,107/08/28,腳底按摩業,2018,西寧南路,
燁燁選物販賣機店,莊駿燁,臺北市萬華區康定路68號1樓,107/08/29,文教、樂器、育樂用品零售業除許可業務外，得經營法令非禁止或限制之業務,2018,康定路,
大粉娛樂企業社,廖乙璇,臺北市萬華區成都路27巷4號,107/08/31,文教、樂器、育樂用品零售業飲料店業餐館業日常用品零售業布疋、衣著、鞋、帽、傘、服飾品零售業攝影業家具、寢具、廚房器具、裝設品零售業管理顧問業除許可業務外，得經營法令非禁止或限制之業務租賃業演藝活動業仲介服務業藝文服務業,2018,成都路,
阿莎力潮鞋企業社,李蕙均,臺北市萬華區西寧南路50巷7號1樓,107/09/11,布疋、衣著、鞋、帽、傘、服飾品,2018,西寧南路,
新純現滴雞精商行,陳源旺,臺北市萬華區康定路71號1樓,107/09/04,食品什貨、飲料零售業除許可業務外，得經營法令非禁止或限制之業務,2018,康定路,
炸嘎小吃店,廖甫凰,臺北市萬華區武昌街2段134號1樓,107/09/05,食品什貨、飲料零售業飲料店業其他餐飲業餐館業,2018,武昌街2段,
炸嘎小吃店,廖甫凰,臺北市萬華區武昌街2段134號1樓,107/09/05,食品什貨、飲料零售業飲料店業其他餐飲業餐館業,2018,武昌街2段,
吉天元拉麵,黃在民,臺北市萬華區西寧南路70號地下一層之7,107/09/11,餐館業食品什貨、飲料零售業,2018,西寧南路,
亞融商行,鄒亞融,臺北市萬華區昆明街79之1號,107/09/11,食品什貨、飲料零售業,2018,昆明街,
西門競技休閒運動館,黃健一,臺北市萬華區漢口街2段54號地下,107/09/13,競技及休閒運動場館業菸酒零售業,2018,漢口街2段,
美康潔洗衣坊,謝祖銘,臺北市萬華區康定路46之2號1樓,107/09/14,洗衣業清潔用品零售業,2018,康定路,
炫瞳眼鏡行,陳銘家,臺北市萬華區西寧南路131號1樓,107/09/19,眼鏡批發業醫療器材零售業眼鏡零售業除許可業務外，得經營法令非禁止,2018,西寧南路,
愛阿伊恩伊時尚精品店,謝坤成,臺北市萬華區昆明街237號1樓,107/10/01,布疋、衣著、鞋、帽、傘、服飾品零售業,2018,昆明街,
聚八閩閩菜餐廳,林巧燕,臺北市萬華區成都路141號,107/10/03,餐館業其他餐飲業食品什貨、飲料零售業菸酒零售業除許可業務外，得經營法令非禁止或限制之業務,2018,成都路,
樂活棋牌社,林殿源,臺北市萬華區康定路66號1樓,107/10/09,租賃業休閒活動場館業除許可業務外，得經營法令非禁止或限制之業務,2018,康定路,
漢口棋牌社,蕭楚驁,臺北市萬華區漢口街2段106號,107/10/11,租賃業休閒活動場館業除許可業務外，得經營法令非禁止或限制之業務,2018,漢口街2段,
西野行,姜盛智,臺北市萬華區中華路1段144號1樓之7,107/10/15,電器及電子產品修理業電子材料零售業,2018,中華路1段,
宸希美容美髮造型社,林振奇,臺北市萬華區成都路100之2號1樓,107/10/31,美容美髮服務業化_品零售業,2018,成都路,
禾玉美容院,藍茹蓮,臺北市萬華區西寧南路48之3號,107/11/20,美容美髮服務業除許可業務外，得經營法令非禁止或限制之業務,2018,西寧南路,
仁和堂龜苓膏專門店,徐韻涵,臺北市萬華區漢中街24號1樓,107/11/12,除許可業務外，得經營法令非禁止或限制之業務食品什貨、飲料零售業國際貿易業其他綜合零售業其他零售業飲料店業,2018,漢中街,
黃氏娛樂企業社,黃博群,臺北市萬華區康定路110號,107/11/13,文教、樂器、育樂用品零售業除許可業務外，得經營法令非禁止或限制之業務,2018,康定路,
億定綠國際美食坊,王竣宏,臺北市萬華區康定路95號,107/11/20,餐館業,2018,康定路,
順吉小吃店,簡義明,臺北市萬華區漢口街2段11號,107/11/23,餐館業除許可業務外，得經營法令非禁止或限制之業務,2018,漢口街2段,
道帝企業社,鍾珮雯,臺北市萬華區漢中街50巷2號1樓,107/11/20,飲料店業,2018,漢中街,
有樂町國際商行,顏敏如,臺北市萬華區康定路18號,107/12/05,食品什貨、飲料零售業飲料店業國際貿易業除許可業務外，得經營法令非禁止,2018,康定路,
丞凱茶行,鍾緗庭,臺北市萬華區漢中街103號,107/12/10,食品什貨、飲料零售業飲料店業除許可業務外，得經營法令非禁止或限制之業務,2018,漢中街,
龍泰科技行,陳又新,臺北市萬華區西寧南路4號(西寧公有市場1樓1101號百貨類攤位),107/12/11,電腦及事務性機器設備批發業電腦及事務性機器設備零售業電子材料批發業電子材料零售業度量衡器批發業度量衡器零售業電器批發業電器零售業機械批發業機械器具零售業文教、樂器、育樂用品零售業無店面零售業國際貿易業除許可業務外，得經營法令非禁止,2018,西寧南路,
馬克汀商行,鄧光偉,臺北市萬華區武昌街2段116之3號1樓,107/12/20,農產品零售業食品什貨、飲料零售業飲料店業,2018,武昌街2段,
順風工作室,蘇敏鈴,臺北市中正區中華路1段9巷5號,107/12/25,美容美髮服務業,2018,中華路1段,
一起玩商行,吳招治,臺北市萬華區西寧南路72之1號,107/12/25,布疋、衣著、鞋、帽、傘、服飾品批發業日常用品批發業化_品批發業電信器材批發業首飾及貴金屬批發業食品什貨、飲料零售業布疋、衣著、鞋、帽、傘、服飾品零售業建材零售業電器零售業電信器材零售業百貨公司業一般廣告服務業,2018,西寧南路,
鑫俐福州小館,蔡正鑑,臺北市萬華區康定路70號、70之1號,107/12/28,無店面零售業飲料店業餐館業其他餐飲業除許可業務外，得經營法令非禁止或限制之業務,2018,康定路,
英泰商行,蔡秉峰,臺北市萬華區西寧南路70之11號1樓,105/01/18,零售業,2016,西寧南路,
新豆子食品行,徐賴浩,臺北市萬華區漢口街2段54之35號1樓,105/01/25,飲料店業食品什貨、飲料零售業除許可業務外，得經營法令非禁止或限制之業務,2016,漢口街2段,
瓷禧茶坊,何少華,臺北市萬華區中華路1段112號1樓,105/02/02,飲料店業食品什貨、飲料零售業,2016,中華路1段,
深烘豆小館,梁鈞浩,臺北市萬華區武昌街2段106號1樓,105/02/05,飲料店業餐館業除許可業務外，得經營法令非禁止或限制之業務,2016,武昌街2段,
心心餐坊,張繼亮,臺北市萬華區成都路68號地下,105/02/15,食品什貨、飲料零售業菸酒零售業飲料店業餐館業除許可業務外，得經營法令非禁止或限制之業務,2016,成都路,
蘋果咬一口商行,謝蕙菁,臺北市萬華區西寧南路48之5號,105/03/02,食品什貨、飲料零售業布疋、衣著、鞋、帽、傘、服飾品零售業日常用品零售業化_品零售業文教、樂器、育樂用品零售業首飾及貴金屬零售業其他綜合零售業租賃業仲介服務業除許可業務外，得經營法令非禁止或限制之業務,2016,西寧南路,
嘉裕文創商行,羅品宏,臺北市萬華區峨眉街5號1樓,105/03/04,文教、樂器、育樂用品零售業布疋、衣著、鞋、帽、傘、服飾品零售業首飾及貴金屬零售業農產品零售業食品什貨、飲料零售業菸酒零售業化_品零售業國際貿易業除許可業務外，得經營法令非禁止或限制之業務,2016,峨眉街,
雪玉咖啡店,簡大傑,臺北市萬華區昆明街304號,0,105/03/08,2016,昆明街,
泰昇超商,吳淑英,臺北市萬華區康定路101巷9之1號,105/03/18,食品什貨、飲料零售業菸酒零售業五金零售業日常用品零售業清潔用品零售業乙類成藥零售業文教、樂器、育樂用品零售業其他機械器具零售業便利商店業除許可業務外，得經營法令非禁止或限制之業務,2016,康定路,
宏展西服,陳宏臣,臺北市萬華區中華路1段114巷13號1樓,105/03/25,裁縫服務業,2016,中華路1段,
朵朵行,陳芝菁,臺北市萬華區中華路1段114巷13號,105/03/25,布疋、衣著、鞋、帽、傘、服飾品批發業,2016,中華路1段,
金宏小吃店,符婷鈞,臺北市萬華區昆明街140號1樓,105/03/29,餐館業,2016,昆明街,
加士町潮流服飾,施怡亭,臺北市萬華區武昌街2段50巷11號,105/03/31,布疋、衣著、鞋、帽、傘、服飾品零售業,2016,武昌街2段,
影巷文旅商行,賴珮立,臺北市萬華區昆明街115號,105/04/27,餐館業一般旅館業飲料批發業食品什貨批發業布疋、衣著、鞋、帽、傘、服飾品批發業日常用品批發業文教、樂器、育樂用品批發業食品什貨、飲料零售業布疋、衣著、鞋、帽、傘、服飾品零售業日常用品零售業文教、樂器、育樂用品零售業無店面零售業除許可業務外，得經營法令非禁止或限制之業務,2016,昆明街,
永欣企業社,閔建達,臺北市萬華區康定路287巷24號,105/05/11,人力派遣業室內裝潢業園藝服務業廢棄物清除業廢棄物處理業停車場經營業,2016,康定路,
文文餐坊,黃筠唐,臺北市萬華區成都路68號地下,105/05/13,食品什貨、飲料零售業菸酒零售業飲料店業餐館業除許可業務外，得經營法令非禁止或限制之業務,2016,成都路,
員外清茶館,何書皇,臺北市萬華區康定路250巷1號1樓,105/05/24,食品什貨、飲料零售業菸酒零售業飲料店業除許可業務外，得經營法令非禁止,2016,康定路,
無限循環工作室,劉靜敏,臺北市萬華區昆明街96巷6之3號,105/05/30,零售業,2016,昆明街,
良福車業行,林聖傑,臺北市萬華區康定路94號,105/06/20,機車修理業汽、機車零件配備零售業,2016,康定路,
義昀企業社,黃章瑋,臺北市萬華區西寧南路50巷9號,0,105/06/30,2016,西寧南路,
新凱悅休閒館,鄭朝霞,臺北市萬華區昆明街107號,105/07/01,食品什貨、飲料零售業按摩業腳底按摩業瘦身美容業除許可業務外，得經營法令非禁止或限制之業務,2016,昆明街,
雨焰商行,黃彥超,臺北市萬華區西寧南路212號1樓,105/07/01,飲料店業食品什貨、飲料零售業,2016,西寧南路,
炫瑞冰淇淋專門店,廖復興,臺北市萬華區漢中街32巷1號,0,105/07/06,2016,漢中街,
就你工作室,蔡蓓瑩,臺北市中正區中華路1段77之2號,105/07/11,食品什貨、飲料零售業,2016,中華路1段,
好品咖啡廳,林芷綺,臺北市萬華區武昌街2段85之6號,105/07/28,食品什貨、飲料零售業飲料店業,2016,武昌街2段,
進達食品行,曾瑞文,臺北市萬華區康定路18號,105/07/13,飲料批發業茶葉批發業食品什貨、飲料零售業菸酒零售業飲料店業除許可業務外，得經營法令非禁止或限制之業務,2016,康定路,
遠東服裝行,潘盈齊,臺北市萬華區康定路360之1號,105/08/01,布疋、衣著、鞋、帽、傘、服飾品批發業布疋、衣著、鞋、帽、傘、服飾品零售業,2016,康定路,
美樂地茶坊,林祥英,臺北市萬華區昆明街109號地下一層之1,105/08/09,食品什貨、飲料零售業菸酒零售業飲料店業除許可業務外，得經營法令非禁止,2016,昆明街,
丹丹餐坊,林心蘭,臺北市萬華區成都路68號地下,105/08/18,食品什貨、飲料零售業菸酒零售業飲料店業餐館業除許可業務外，得經營法令非禁止或限制之業務,2016,成都路,
鑫得壽司專賣店,白志鈿,臺北市萬華區康定路201號,105/08/22,食品什貨、飲料零售業,2016,康定路,
金英雄商行,王明凱,臺北市萬華區昆明街15之2號,105/08/24,餐館業菸酒零售業,2016,昆明街,
新展養生館,楊定展,臺北市萬華區成都路34號,105/09/01,腳底按摩業,2016,成都路,
佳品時尚館,謝文清,臺北市萬華區昆明街304號1樓、2樓,105/09/02,按摩業除許可業務外，得經營法令非禁止或限制之業務化_品零售業,2016,昆明街,
潔宇創意行銷工作室,馮品潔,臺北市萬華區中華路1段144號1樓之16,105/09/05,飲料店業一般廣告服務業,2016,中華路1段,
食攝旅人企業社,陳揚,臺北市萬華區武昌街2段124之4號,105/09/20,餐館業食品什貨、飲料零售業除許可業務外，得經營法令非禁止,2016,武昌街2段,
嘉捷通訊行,章嘉傑,臺北市萬華區西寧南路36之17號,105/09/26,電信器材批發業電池批發業電信器材零售業資訊軟體零售業電子材料零售業電信業務門號代辦業,2016,西寧南路,
綱田繡服飾精品店,張之綱,臺北市萬華區中華路1段114巷4號1樓之3,105/10/03,布疋、衣著、鞋、帽、傘、服飾品批發業布疋、衣著、鞋、帽、傘、服飾品零售業日常用品零售業藝文服務業演藝活動業藝術品諮詢顧問業產品設計業,2016,中華路1段,
冬冬餐坊,陶偉明,臺北市萬華區成都路68號地下,105/10/11,食品什貨、飲料零售業菸酒零售業飲料店業餐館業除許可業務外，得經營法令非禁止或限制之業務,2016,成都路,
艾尼耶瑪尼拉商行,鄭書聿,臺北市萬華區武昌街2段50巷15號,105/10/12,布疋、衣著、鞋、帽、傘、服飾品零售業家具、寢具、廚房器具、裝設品零售業化_品零售業文教、樂器、育樂用品零售業除許可業務外，得經營法令非禁止或限制之業務,2016,武昌街2段,
海咖水產食品行,張建發,臺北市萬華區康定路315之2號,105/10/19,水產品零售業食品什貨、飲料零售業,2016,康定路,
昌維商行,李錦昌,臺北市萬華區漢中街48號,105/10/20,食品什貨、飲料零售業布疋、衣著、鞋、帽、傘、服飾品零售業化_品零售業乙類成藥零售業其他綜合零售業飲料店業除許可業務外，得經營法令非禁止或限制之業務,2016,漢中街,
昇駿企業社,黃文彥,臺北市萬華區康定路20之1號,105/10/24,彈簧製造業玩具製造業布疋、衣著、鞋、帽、傘、服飾品批發業文教、樂器、育樂用品批發業布疋、衣著、鞋、帽、傘、服飾品零售業祭祀用品零售業文教、樂器、育樂用品零售業無店面零售業國際貿易業產品設計業除許可業務外，得經營法令非禁止或限制之業務,2016,康定路,
山文治早餐店,戴維綸,臺北市萬華區西寧南路189號1樓,105/10/25,飲料店業餐館業除許可業務外，得經營法令非禁止或限制之業務,2016,西寧南路,
金爺奶品行,蔡文進,臺北市萬華區武昌街2段122號1樓,105/11/14,飲料店業,2016,武昌街2段,
元鑫娛樂行,李坤昌,臺北市萬華區昆明街194號1樓,105/11/08,文教、樂器、育樂用品零售業遊樂園業除許可業務外，得經營法令非禁止或限制之業務,2016,昆明街,
去兜髮藝工作室,林鍚華,臺北市萬華區漢口街2段53巷11號,105/11/09,化_品零售業飲料店業美容美髮服務業,2016,漢口街2段,
華泰工程行,曾曉弘,臺北市萬華區康定路287巷24號,105/11/10,人力派遣業室內裝潢業園藝服務業廢棄物清除業廢棄物處理業停車場經營業,2016,康定路,
好聚點茶坊,陶偉明,臺北市萬華區漢口街2段55號地下1樓,105/11/10,食品什貨、飲料零售業菸酒零售業飲料店業除許可業務外，得經營法令非禁止,2016,漢口街2段,
新世騎士用品店,黃詩銓,臺北市中正區中華路1段27號,105/12/01,布疋、衣著、鞋、帽、傘、服飾品零售業汽、機車零件配備零售業自行車及其零件零售業,2016,中華路1段,
台灣美味商行,林添益,臺北市萬華區武昌街2段102號,105/12/02,食品什貨、飲料零售業布疋、衣著、鞋、帽、傘、服飾品零售業,2016,武昌街2段,
禾雨工作室,徐逸儒,臺北市萬華區中華路1段144之50號,105/12/05,化_品批發業化_品零售業無店面零售業除許可業務外，得經營法令非禁止或限制之業務一般廣告服務業產品設計業其他設計業,2016,中華路1段,
雅格企業社萬華分店,陳順遠,臺北市萬華區中華路1段138號,105/12/08,布疋、衣著、鞋、帽、傘、服飾品批發業家具、寢具、廚房器具、裝設品批發業除許可業務外，得經營法令非禁止或限制之業務,2016,中華路1段,
香堤男女養生館,魏本初,臺北市萬華區康定路145號1樓,105/12/29,按摩業腳底按摩業傳統整復推拿業瘦身美容業美容美髮服務業化_品零售業除許可業務外，得經營法令非禁止或限制之業務,2016,康定路,
后之犬寵物美容名店,莊琇元,臺北市萬華區昆明街250號,105/12/30,寵物食品及其用品零售業寵物美容服務業,2016,昆明街,
義麵達人食品行,林文耀,臺北市萬華區武昌街2段59號,106/01/23,餐館業,2017,武昌街2段,
珍材越式小吃店,阮氏金枝,臺北市萬華區昆明街79之1號,106/01/11,食品什貨、飲料零售業飲料店業餐館業除許可業務外，得經營法令非禁止,2017,昆明街,
一抹西門企業社,李卓融,臺北市萬華區昆明街88號,0,106/01/17,2017,昆明街,
仿膳企業社,文豪,臺北市中正區中華路1段59號,106/02/14,食品什貨、飲料零售業餐館業,2017,中華路1段,
一路發彩券行,吳正隆,臺北市萬華區康定路358號1樓,106/02/17,公益彩券經銷業,2017,康定路,
雯雯麵館,丁澤洋,臺北市萬華區漢口街2段11號,106/02/17,餐館業,2017,漢口街2段,
品博企業社,蕭竣澤,臺北市萬華區昆明街97號1樓,106/03/01,電器批發業電腦及事務性機器設備批發業,2017,昆明街,
康定烘培坊,周子業,臺北市萬華區康定路191號,106/03/06,烘焙炊蒸食品製造業,2017,康定路,
元寶商行,高美慧,臺北市萬華區武昌街2段50巷20號1樓,106/03/07,成衣業布疋、衣著、鞋、帽、傘、服飾品批發業布疋、衣著、鞋、帽、傘、服飾品零售業除許可業務外，得經營法令非禁止或限制之業務,2017,武昌街2段,
茵緣坊,顏瓊茵,臺北市萬華區成都路11號,106/03/23,食品什貨、飲料零售業布疋、衣著、鞋、帽、傘、服飾品零售業化_品零售業乙類成藥零售業其他綜合零售業飲料店業除許可業務外，得經營法令非禁止或限制之業務,2017,成都路,
嬡齊髮藝工作室,顏究霖,臺北市萬華區武昌街2段65號,106/03/24,美容美髮服務業除許可業務外，得經營法令非禁止或限制之業務,2017,武昌街2段,
魔法魔髮沙龍,謝文豪,臺北市萬華區成都路62號1樓,106/04/05,美容美髮服務業,2017,成都路,
洋甫坊,黃洋臺,臺北市萬華區昆明街131號,106/04/10,餐館業除許可業務外，得經營法令非禁止,2017,昆明街,
秀蘭小吃店,周素蘭,臺北市萬華區中華路1段144之23號,106/04/12,餐館業飲料店業除許可業務外，得經營法令非禁止或限制之業務,2017,中華路1段,
合興店,楊金玲,臺北市萬華區西寧南路50巷7號,106/04/13,餐館業飲料店業除許可業務外，得經營法令非禁止,2017,西寧南路,
錦良商行,蘇慶裕,臺北市萬華區西寧南路50巷7號,106/04/17,食品什貨、飲料零售業布疋、衣著、鞋、帽、傘、服飾品零售業化_品零售業乙類成藥零售業飲料店業除許可業務外，得經營法令非禁止或限制之業務,2017,西寧南路,
二八小吃店,游景玉,臺北市萬華區昆明街103號,106/04/19,飲料店業餐館業除許可業務外，得經營法令非禁止或限制之業務食品什貨、飲料零售業菸酒零售業,2017,昆明街,
食攝旅人精品企業社,陳揚,臺北市萬華區西寧南路70之34號1樓,106/04/19,布疋、衣著、鞋、帽、傘、服飾品零售業,2017,西寧南路,
綺妍髮藝,周芷綺,臺北市萬華區漢口街2段90巷8弄19號1樓,106/04/20,美容美髮服務業,2017,漢口街2段,
東京串燒小吃店,吳惠祥,臺北市萬華區康定路18之3號,106/04/27,餐館業食品什貨、飲料零售業,2017,康定路,
津苑冷飲,蔡兆玨,臺北市萬華區康定路322號,106/05/16,飲料店業,2017,康定路,
根來小吃店,盧文盈,臺北市萬華區昆明街92之1號地下1樓,106/05/01,餐館業,2017,昆明街,
衣連依服飾行,徐國林,臺北市萬華區康定路358號1樓,106/05/02,布疋、衣著、鞋、帽、傘、服飾品批發業布疋、衣著、鞋、帽、傘、服飾品零售業,2017,康定路,
餐飲瘋食品館,林添益,臺北市萬華區峨眉街14號1樓,106/05/02,除許可業務外，得經營法令非禁止或限制之業務食品什貨、飲料零售業飲料店業飲酒店業餐館業烘焙炊蒸食品製造業五金零售業日常用品零售業電信器材零售業電池零售業電子材料零售業其他零售業無店面零售業,2017,峨眉街,
三葉草點心坊,陳敬樺,臺北市萬華區昆明街37號1樓,106/05/05,烘焙炊蒸食品製造業食品什貨、飲料零售業,2017,昆明街,
響髮髮型形象店,陳永安,臺北市萬華區成都路27巷9弄7號1樓,106/05/19,美容美髮服務業除許可業務外，得經營法令非禁止,2017,成都路,
紅樓夢食尚館,張廷傑,臺北市萬華區中華路1段218號1樓,106/05/22,餐館業,2017,中華路1段,
億萬來商行,蔡東霖,臺北市萬華區康定路292號1樓,106/06/07,公益彩券經銷業,2017,康定路,
泰恆服飾店,黃子恆,臺北市萬華區西寧南路72之1號,106/06/12,布疋、衣著、鞋、帽、傘、服飾品零售業,2017,西寧南路,
迦新企業社,徐玉女,臺北市萬華區武昌街2段100號1樓及2樓,106/06/14,不動產租賃業不動產買賣業建築經理業仲介服務業管理顧問業一般廣告服務業廣告傳單分送業景觀、室內設計業建材批發業建材零售業室內裝潢業家具、寢具、廚房器具、裝設品零售業國際貿易業除許可業務外，得經營法令非禁止或限制之業務,2017,武昌街2段,
艾瑪國際品牌商行,鄭芷蓉,臺北市萬華區漢中街178號,106/06/15,布疋、衣著、鞋、帽、傘、服飾品零售業首飾及貴金屬零售業化_品零售業乙類成藥零售業無店面零售業國際貿易業除許可業務外，得經營法令非禁止或限制之業務,2017,漢中街,
福來朗點心坊,周思親,臺北市萬華區中華路1段144之23號,106/06/22,烘焙炊蒸食品製造業食品什貨、飲料零售業,2017,中華路1段,
陞發洋行,張仲陞,臺北市萬華區西寧南路36之24號,106/06/26,布疋、衣著、鞋、帽、傘、服飾品零售業,2017,西寧南路,
酷熊企業社,張國村,臺北市萬華區西寧南路48之3號1樓,106/06/30,食品什貨、飲料零售業文教、樂器、育樂用品零售業,2017,西寧南路,
千賀亭日式居酒屋,張瀚云,臺北市萬華區昆明街205號,106/06/03,餐館業飲料店業,2017,昆明街,
熊好呷商號,劉書妍,臺北市萬華區武昌街2段50巷5號1樓,106/07/03,食品什貨、飲料零售業除許可業務外，得經營法令非禁止或限制之業務,2017,武昌街2段,
成都飲品店,莊蔡美玉,臺北市萬華區成都路37號,106/07/03,食品什貨、飲料零售業飲料店業除許可業務外，得經營法令非禁止或限制之業務,2017,成都路,
咩瑞工作室,鄭伊婷,臺北市萬華區西寧南路72之1號,106/07/06,布疋、衣著、鞋、帽、傘、服飾品零售業,2017,西寧南路,
茗馨甜品舖,林彥辰,臺北市中正區中華路1段85巷14號,106/07/17,餐館業,2017,中華路1段,
宅吧小舖,陳冠霖,臺北市萬華區康定路95號1樓,106/07/18,飲料店業食品什貨、飲料零售業文教、樂器、育樂用品零售業其他綜合零售業除許可業務外，得經營法令非禁止或限制之業務,2017,康定路,
君姊商行,林怡君,臺北市萬華區漢口街2段67之1號1樓,106/07/25,其他餐飲業飲料店業食品什貨、飲料零售業餐館業,2017,漢口街2段,
悠悠馬戶外用品社,洪堂魁,臺北市萬華區昆明街265號1樓,106/07/26,文教、樂器、育樂用品零售業除許可業務外，得經營法令非禁止或限制之業務,2017,昆明街,
帝標手機維修企業社,邱錦德,臺北市中正區中華路1段9巷5號,106/07/31,其他修理業除許可業務外，得經營法令非禁止,2017,中華路1段,
安安小吃店,安家正,臺北市萬華區漢中街132號,106/08/08,餐館業,2017,漢中街,
密思企業社,蕭佳怡,臺北市萬華區漢中街24號1樓,106/08/02,飲料店業食品什貨、飲料零售業除許可業務外，得經營法令非禁止,2017,漢中街,
默尼日初早餐店,張瀚勻,臺北市萬華區康定路93號1樓,106/08/03,餐館業飲料店業,2017,康定路,
進益商行,楊定展,臺北市萬華區峨眉街32號1樓,106/08/07,食品什貨、飲料零售業布疋、衣著、鞋、帽、傘、服飾品零售業日常用品零售業化_品零售業乙類成藥零售業首飾及貴金屬零售業除許可業務外，得經營法令非禁止或限制之業務,2017,峨眉街,
新崎音響行,許美娟,臺北市萬華區中華路1段20號,106/08/15,電器零售業電腦及事務性機器設備零售業電器批發業電腦及事務性機器設備批發業除許可業務外，得經營法令非禁止或限制之業務,2017,中華路1段,
埡林叻南洋風味火鍋店,林家璿,臺北市萬華區中華路1段76巷11號1樓,106/08/16,餐館業,2017,中華路1段,
膜潮文創台北工作坊,張家榮,臺北市萬華區武昌街2段70之2號,106/08/17,文教、樂器、育樂用品零售業電器零售業電信器材零售業無店面零售業國際貿易業電器及電子產品修理業,2017,武昌街2段,
鑫愛利彩券行,林桂玉,臺北市萬華區康定路223號1樓,106/08/24,公益彩券經銷業飲料店業,2017,康定路,
咪咪小吃店,邢美華,臺北市萬華區漢中街35之6號,106/08/25,食品什貨、飲料零售業餐館業除許可業務外，得經營法令非禁止或限制之業務,2017,漢中街,
台北西門手機專業維修店,王志宏,臺北市萬華區西寧南路36之93號,106/08/30,電信器材零售業電池零售業資訊軟體零售業電子材料零售業其他零售業電子資訊供應服務業電信業務門號代辦業電器及電子產品修理業除許可業務外，得經營法令非禁止,2017,西寧南路,
百可夢企業社,黃沁騰,臺北市萬華區峨眉街18號,106/09/04,文教、樂器、育樂用品零售業便利商店業除許可業務外，得經營法令非禁止或限制之業務,2017,峨眉街,
開新室內裝修企業社,陳隆聲,臺北市萬華區康定路46之2號,106/09/08,室內裝潢業室內裝修業（註：名稱應標明「室內裝修」字樣）油漆工程業,2017,康定路,
照隆商行,王博隆,臺北市萬華區康定路25巷25號,106/09/11,餐館業飲料店業菸酒零售業食品什貨、飲料零售業,2017,康定路,
阿諾通訊行,謝璁泉,臺北市萬華區西寧南路36之30號,106/09/14,電信器材零售業電腦及事務性機器設備零售業資訊軟體零售業文教、樂器、育樂用品零售業除許可業務外，得經營法令非禁止或限制之業務,2017,西寧南路,
放風箏服飾店武昌店,賴啟銘,臺北市萬華區武昌街2段50巷20號1樓,106/09/21,布疋、衣著、鞋、帽、傘、服飾品零售業,2017,武昌街2段,
武昌抓抓族商行,盧永峰,臺北市萬華區武昌街2段102號,106/09/25,文教、樂器、育樂用品零售業,2017,武昌街2段,
芙美企業社,李貞儀,臺北市萬華區中華路1段144之1號,106/09/26,食品什貨批發業化_品批發業食品什貨、飲料零售業布疋、衣著、鞋、帽、傘、服飾品零售業日常用品零售業化_品零售業其他顧問服務業除許可業務外，得經營法令非禁止,2017,中華路1段,
米秝小吃店,黃瀅潔,臺北市萬華區漢口街2段54之3號1樓,106/10/02,食品什貨、飲料零售業其他零售業無店面零售業其他綜合零售業飲料店業其他餐飲業除許可業務外，得經營法令非禁止或限制之業務,2017,漢口街2段,
唯戀企業社,劉安琦,臺北市萬華區武昌街2段72號之7,106/10/16,布疋、衣著、鞋、帽、傘、服飾品零售業除許可業務外，得經營法令非禁止或限制之業務,2017,武昌街2段,
金庫冰品店,林格民,臺北市萬華區中華路1段114巷12號,106/10/19,食品什貨、飲料零售業飲料店業除許可業務外，得經營法令非禁止或限制之業務,2017,中華路1段,
西門町咖哩王小吃店,王少卿,臺北市萬華區武昌街2段82巷2弄2號,106/10/25,餐館業其他餐飲業國際貿易業,2017,武昌街2段,
軒和企業社,唐品胤,臺北市萬華區武昌街2段56號,106/10/30,食品什貨、飲料零售業飲料店業,2017,武昌街2段,
小郭牛羊肉莊,郭武清,臺北市萬華區西寧南路4號(西寧公有市場83號1樓獸內類),106/11/06,家畜家禽批發業水產品批發業其他農、畜、水產品批發業農產品零售業畜產品零售業水產品零售業其他農畜水產品零售業除許可業務外，得經營法令非禁止或限制之業務,2017,西寧南路,
犢立小吃店,陳錦松,臺北市萬華區昆明街196號1樓,106/11/13,餐館業,2017,昆明街,
夾霸商行,顏義峰,臺北市萬華區武昌街2段6號,106/11/17,資訊軟體服務業資料處理服務業電子資訊供應服務業文教、樂器、育樂用品零售業除許可業務外，得經營法令非禁止或限制之業務,2017,武昌街2段,
咪咪食堂,邢美華,臺北市萬華區漢中街35之6號,106/11/22,食品什貨、飲料零售業其他餐飲業除許可業務外，得經營法令非禁止或限制之業務,2017,漢中街,
賺滿財麵食館,王宇瑄,臺北市萬華區昆明街163號,106/11/28,餐館業食品什貨、飲料零售業除許可業務外，得經營法令非禁止或限制之業務,2017,昆明街,
珈佶企業社,曹瑋珍,臺北市萬華區成都路29號1樓,106/11/24,食品什貨、飲料零售業飲料店業除許可業務外，得經營法令非禁止或限制之業務,2017,成都路,
宗璘雞排店,陳宗璘,臺北市萬華區中華路1段144之23號,106/12/06,食品什貨、飲料零售業菸酒零售業,2017,中華路1段,
樂子室內裝修實業社,廖健丞,臺北市萬華區成都路50號,106/12/08,室內裝修業,2017,成都路,
六小福小吃店,肖琴,臺北市萬華區康定路25巷25之1號,106/12/12,食品什貨、飲料零售業飲料店業餐館業除許可業務外，得經營法令非禁止,2017,康定路,
威登商行,張煥璿,臺北市萬華區武昌街2段83之9號1樓,106/12/18,美容美髮服務業除許可業務外，得經營法令非禁止或限制之業務,2017,武昌街2段,
來財商行,李錦昌,臺北市萬華區漢中街104號,106/12/19,食品什貨、飲料零售業布疋、衣著、鞋、帽、傘、服飾品零售業化_品零售業乙類成藥零售業首飾及貴金屬零售業其他綜合零售業飲料店業除許可業務外，得經營法令非禁止,2017,漢中街,
來裕商行,李雅文,臺北市萬華區西寧南路155號,106/12/19,食品什貨、飲料零售業布疋、衣著、鞋、帽、傘、服飾品零售業化_品零售業乙類成藥零售業首飾及貴金屬零售業其他綜合零售業飲料店業除許可業務外，得經營法令非禁止,2017,西寧南路,
永騰企業社,洪聖彥,臺北市萬華區西寧南路36之22號,106/12/19,文教、樂器、育樂用品零售業其他零售業除許可業務外，得經營法令非禁止或限制之業務,2017,西寧南路,
比客商行,黃文祥,臺北市萬華區武昌街2段29號,106/12/22,食品什貨、飲料零售業餐館業除許可業務外，得經營法令非禁止,2017,武昌街2段,
大展食品行,楊定展,臺北市萬華區武昌街2段74號,106/12/25,食品什貨、飲料零售業除許可業務外，得經營法令非禁止或限制之業務,2017,武昌街2段,
典哥庭園咖啡商行,許文典,臺北市萬華區峨眉街5號地下一層之46,106/12/27,食品什貨、飲料零售業菸酒零售業飲料店業除許可業務外，得經營法令非禁止,2017,峨眉街,
玩樂派對娃娃屋,李信斌,臺北市萬華區西寧南路50巷7號,106/12/27,除許可業務外，得經營法令非禁止或限制之業務,2017,西寧南路,
鑫樂園養生館,鄒明堯,臺北市萬華區康定路296號,或限制之業務104/01/07        1010傳統整復推拿業,NA,2015,康定路,
宏緯商品行,李儀筠,臺北市萬華區漢口街2段5號,104/01/12,食品什貨、飲料零售業菸酒零售業布疋、衣著、鞋、帽、傘、服飾品零售業化粧品零售業文教、樂器、育樂用品零售業國際貿易業9999除許可業務外，得經營法令非禁止或限制之業務,2015,漢口街2段,
愛膜兒工作室,李則毅,臺北市萬華區西寧南路36之67號,104/01/12,13060電信器材零售業13110電池零售業19010電子材料零售業2010電器及電子產品修理業9990未分類其他服務業9999除許可業務外，得經營法令非禁止或限制之業務,2015,西寧南路,
娜雅服飾店,蔡淑芬,臺北市萬華區成都路29號,104/01/23,布疋、衣著、鞋、帽、傘、服飾品零售業,2015,成都路,
真愛全新二手精品店,陳秀雲,臺北市萬華區西寧南路72之1號,104/01/23,布疋、衣著、鞋、帽、傘、服飾品零售業化粧品零售業文教、樂器、育樂用品零售業99040無店面零售業國際貿易業產品設計業服飾設計業9999除許可業務外，得經營法令非禁止,2015,西寧南路,
諺陽通訊行,張朝陽,臺北市萬華區西寧南路36之49號,104/01/26,13050電腦及事務性機器設備批發業,2015,西寧南路,
馬克斯速食館,劉佳榮,臺北市萬華區昆明街96巷22號,104/02/06,食品什貨、飲料零售業餐館業9999除許可業務外，得經營法令非禁止或限制之業務,2015,昆明街,
羊菓子企業社,林信宏,臺北市萬華區西寧南路70之27號1樓,104/02/13,食品什貨、飲料零售業文教、樂器、育樂用品零售業9999除許可業務外，得經營法令非禁止或限制之業務,2015,西寧南路,
靈光眼鏡商行,黃金元,臺北市萬華區康定路112號,104/03/04,10020眼鏡零售業,2015,康定路,
昱晴服裝行,陳品維,臺北市萬華區漢中街115號,104/03/30,布疋、衣著、鞋、帽、傘、服飾品零售業13060電信器材零售業模具零售業13110電池零售業日常用品零售業9999除許可業務外，得經營法令非禁止或限制之業務,2015,漢中街,
建宏牛肉麵店,陳建宏,臺北市萬華區西寧南路7號,104/04/23,        餐館業,2015,西寧南路,
放風箏服飾店,賴啟銘,臺北市萬華區成都路31號,104/04/08,布疋、衣著、鞋、帽、傘、服飾品零售業化粧品零售業          文教、樂器、育樂用品零售業15010首飾及貴金屬零售業99040無店面零售業服飾設計業9999除許可業務外，得經營法令非禁止或限制之業務,2015,成都路,
卯卯興業行,張雅婷,臺北市萬華區康定路25巷21號,104/04/21,15020礦石零售業13010電器零售業13020電器批發業食品什貨、飲料零售業,2015,康定路,
慾果企業社,許鎮宇,臺北市萬華區西寧南路36之45號,104/04/22,99010成人用品零售業布疋、衣著、鞋、帽、傘、服飾品零售業文教、樂器、育樂用品零售業食品什貨、飲料零售業化粧品零售業15010首飾及貴金屬零售業10020眼鏡零售業13110電池零售業,2015,西寧南路,
成都養生館,李淑美,臺北市萬華區成都路60之2號1樓、2樓,104/04/23,1020按摩業1030腳底按摩業,2015,成都路,
國碩精品包包店,盧怡廷,臺北市萬華區漢中街53號,104/04/27,布疋、衣著、鞋、帽、傘、服飾品日常用品零售業,2015,漢中街,
何家排骨酥,何穎源,臺北市萬華區昆明街180號1樓,104/04/15,餐館業,2015,昆明街,
熊萬年商行,周碩慶,臺北市萬華區西寧南路70之16號1樓,104/05/06,文教、樂器、育樂用品零售業13010電器零售業13030電腦及事務性機器設備零售業13080機械器具零售業13990其他機械器具零售業16010照相器材零售業18010資訊軟體零售業資訊軟體服務業13990其他機械器具批發業,2015,西寧南路,
瑪璐商行,侯珍微,臺北市萬華區昆明街117號,104/05/22,飲料批發業茶葉批發業食品什貨批發業食品什貨、飲料零售業飲料店業餐館業,NA,昆明街,
何記小吃坊,許燕青,臺北市萬華區漢中街35之11號,104/05/26,        餐館業,NA,漢中街,
岱一小吃店,楊岱榮,臺北市萬華區中華路1段144之31號,104/05/26,餐館業,NA,中華路1段,
好佳小吃店,黃世昌,臺北市萬華區武昌街2段45號,104/06/08,餐館業,NA,武昌街2段,
豐億商行,陳映周,臺北市萬華區西寧南路111號,104/06/03,飲料店業,NA,西寧南路,
一皇三洲企業社,黃千瑜,臺北市萬華區中華路1段118號,104/06/15,餐館業,NA,中華路1段,
西門格子文創坊,黃雅菁,臺北市萬華區武昌街2段18號,104/06/18,餐館業飲料店業食品什貨、飲料零售業布疋、衣著、鞋、帽、傘、服飾品零售業日常用品零售業文教、樂器、育樂用品零售業家具、寢具、廚房器具、裝設品零售業藝文服務業9999除許可業務外，得經營法令非禁止或限制之業務,NA,武昌街2段,
昱昶服飾行,陳品誌,臺北市萬華區成都路35號,104/06/26,布疋、衣著、鞋、帽、傘、服飾品零售業9999除許可業務外，得經營法令非禁止或限制之業務,NA,成都路,
艾美立服飾行,張碧芸,臺北市萬華區漢中街50巷11號,104/07/09,布疋、衣著、鞋、帽、傘、服飾品批發業布疋、衣著、鞋、帽、傘、服飾品零售業家具、寢具、廚房器具、裝設品批發業家具、寢具、廚房器具、裝設品零售業五金批發業五金零售業日常用品批發業日常用品零售業99040無店面零售業國際貿易業9999除許可業務外，得經營法令非禁止或限制之業務,NA,漢中街,
佳寧企業社,鄭百忠,臺北市萬華區西寧南路36之69號,104/07/01,不動產租賃業不動產買賣業,NA,西寧南路,
捷訊通訊行,吳志雄,臺北市萬華區漢口街2段54之3號1樓,104/07/03,13060電信器材零售業18010資訊軟體零售業99040無店面零售業國際貿易業資訊軟體服務業電子資訊供應服務業1010電信業務門號代辦業2010電器及電子產品修理業,NA,漢口街2段,
天緯通訊行,洪嘉妤,臺北市萬華區西寧南路36之19號,1319999,電信器材零售業電信業務門號代辦業電器及電子產品修理業除許可業務外，得經營法令非禁止,NA,西寧南路,
百事福來得工作室,陳威凡,臺北市中正區中華路1段59號1樓之9,零售業,布疋、衣著、鞋、帽、傘、服飾品日常用品零售業,NA,中華路1段,
育昇通訊企業社,謝霆,臺北市萬華區西寧南路36之11號1樓,104/07/24,13070電信器材批發業13060電信器材零售業99990其他顧問服務業國際貿易業1010電信業務門號代辦業9999除許可業務外，得經營法令非禁止或限制之業務,NA,西寧南路,
易記牛肉麵,楊大慶,臺北市中正區中華路1段91巷11號,104/07/27,        餐館業,NA,中華路1段,
馬町商行,傅雅菁,臺北市萬華區西寧南路34號1樓及30號2樓,飲料店業餐館業家畜家禽批發業水產品批發業布疋、衣著、鞋、帽、傘、服飾品寵物食品及其用品批發業文教、樂器、育樂用品批發業農產品零售業畜產品零售業食品什貨、飲料零售業菸酒零售業布疋、衣著、鞋、帽、傘、服飾品寵物食品及其用品零售業文教、樂器、育樂用品零售業國際貿易業智慧財產權業室內裝潢業投資顧問業管理顧問業藝術品諮詢顧問業一般廣告服務業景觀、室內設計業人力派遣業烘焙炊蒸食品製造業不動產買賣業不動產租賃業蔬果批發業其他農、畜、水產品批發業寵物美容服務業除許可業務外，得經營法令非禁止,NA,NA,西寧南路,
芳缇國際行,王秀芳,臺北市萬華區西寧南路4號(西寧公有市場1樓1060號百貨類攤位),104/08/27,農產品零售業日常用品零售業花卉零售業13010電器零售業13030電腦及事務性機器設備零售業資源回收業五金零售業國際貿易業                   9999除許可業務外，得經營法令非禁止,NA,西寧南路,
宏利企業社,蕭友稑,臺北市萬華區西寧南路36之49號,104/08/21,13020電器批發業13050電腦及事務性機器設備批發業13070電信器材批發業13110電池批發業19010電子材料批發業13010電器零售業13030電腦及事務性機器設備零售業13060電信器材零售業13110電池零售業99040無店面零售業資訊軟體服務業電子資訊供應服務業       1010電信業務門號代辦業       9999除許可業務外，得經營法令非禁止,NA,西寧南路,
榮神企業社,丁琳,臺北市萬華區成都路9號,104/08/17,不動產租賃業不動產買賣業,NA,成都路,
滿漢牛肉麵食堂,李耀鳴,臺北市萬華區漢中街2號,104/08/19,餐館業其他餐飲業飲料店業食品什貨、飲料零售業99990其他零售業9999除許可業務外，得經營法令非禁止或限制之業務,NA,漢中街,
德興甜不辣商行,何蔣鐘,臺北市萬華區康定路172巷1號直興公有市場臨固28號漁產攤位,104/08/20,99990未分類其他食品製造業食品什貨、飲料零售業,NA,康定路,
家家餐坊,黃筠唐,臺北市萬華區成都路68號地下,104/08/28,食品什貨、飲料零售業菸酒零售業飲料店業餐館業9999除許可業務外，得經營法令非禁止或限制之業務,NA,成都路,
新承服飾,黃信穎,臺北市萬華區武昌街2段50巷12號1樓,104/09/08,布疋、衣著、鞋、帽、傘、服飾品批發業布疋、衣著、鞋、帽、傘、服飾品零售業99040無店面零售業國際貿易業9999除許可業務外，得經營法令非禁止或限制之業務,NA,武昌街2段,
格子趣文創商行,楊惠菁,臺北市萬華區武昌街2段18號,104/09/14,飲料批發業13050電腦及事務性機器設備批發業13070電信器材批發業18010資訊軟體批發業食品什貨、飲料零售業布疋、衣著、鞋、帽、傘、服飾品零售業家具、寢具、廚房器具、裝設品零售業日常用品零售業醫療器材零售業化粧品零售業          文教、樂器、育樂用品零售業13030電腦及事務性機器設備零售業13060電信器材零售業18010資訊軟體零售業國際貿易業飲料店業餐館業智慧財產權業資訊軟體服務業資料處理服務業電子資訊供應服務業一般廣告服務業廣告傳單分送業產品設計業景觀、室內設計業1010電信業務門號代辦業6010理貨包裝業2010人力派遣業9990其他工商服務業藝文服務業1010租賃業電腦設備安裝業室內裝潢業9999除許可業務外，得經營法令非禁止,NA,武昌街2段,
玫瑰藍貓商行,蘇虹雅,臺北市萬華區成都路27巷7號,104/09/17,        文教、樂器、育樂用品零售業,NA,成都路,
名瑩服飾行,陳俊宇,臺北市萬華區西寧南路129號,104/09/18,布疋、衣著、鞋、帽、傘、服飾品零售業文教、樂器、育樂用品零售業99040無店面零售業99990其他綜合零售業國際貿易業9999除許可業務外，得經營法令非禁止或限制之業務,NA,西寧南路,
老爹手工烘焙坊,吳家寧,臺北市萬華區漢中街35之3號,104/09/24,食品什貨、飲料零售業9999除許可業務外，得經營法令非禁止或限制之業務,NA,漢中街,
花園養生館,林義順,臺北市萬華區康定路70號1樓,104/09/30,9110瘦身美容業,NA,康定路,
大鳳凰養生館,林義順,臺北市萬華區康定路232號,104/10/06,9110瘦身美容業,NA,康定路,
瑞和企業社,林世昌,臺北市萬華區武昌街2段38號,104/10/08,不動產租賃業不動產買賣業9999除許可業務外，得經營法令非禁止或限制之業務,NA,武昌街2段,
西寧綠茶專賣店,簡裕洲,臺北市萬華區西寧南路48之4號,104/10/08,        飲料店業,NA,西寧南路,
昱禎百貨行,陳濬儀,臺北市萬華區峨眉街28號1樓,104/10/29,13060電信器材零售業13110電池零售業19010電子材料零售業日常用品零售業布疋、衣著、鞋、帽、傘、服飾品零售業,NA,峨眉街,
佳味香小吃店,章貴玉,臺北市萬華區西寧南路70號地下之22,104/11/03,餐館業飲料店業,NA,西寧南路,
馬讚小吃店,陳慧娟,臺北市萬華區漢口街2段54-3號1樓,104/11/11,餐館業食品什貨、飲料零售業菸酒零售業飲料店業9999除許可業務外，得經營法令非禁止或限制之業務,NA,漢口街2段,
動得利投注站,方蓉英,臺北市萬華區昆明街79號,104/11/12,8021運動彩券經銷業,NA,昆明街,
花花餐坊,吳承恩,臺北市萬華區成都路68號地下,104/11/25,食品什貨、飲料零售業菸酒零售業飲料店業餐館業9999除許可業務外，得經營法令非禁止或限制之業務,NA,成都路,
昆明飯包,饒牡花,臺北市萬華區昆明街156號,104/11/27,餐館業,NA,昆明街,
達伊絲琪商行,覃佩珊,臺北市萬華區武昌街2段82巷2弄6號,104/11/30,布疋、衣著、鞋、帽、傘、服飾品零售業家具、寢具、廚房器具、裝設品零售業日常用品零售業化粧品零售業文教、樂器、育樂用品零售業99040無店面零售業,NA,武昌街2段,
芯怡小吃店,吳承恩,臺北市萬華區康定路228號,104/12/01,食品什貨、飲料零售業菸酒零售業飲料店業餐館業                         9999除許可業務外，得經營法令非禁止或限制之業務,NA,康定路,
福泰商行,謝美雲,臺北市中正區中華路1段59號之24,104/12/02,        布疋、衣著、鞋、帽、傘、服飾品零售業,NA,中華路1段,
足旺養生館,謝昇佑,臺北市萬華區昆明街150號,104/12/08,1010傳統整復推拿業9110瘦身美容業,NA,昆明街,
龍盛豐小吃店,邱顯榮,臺北市萬華區成都路27巷2號,104/12/17,飲料店業餐館業,NA,成都路,
漫果子桌遊社,蔡秉瑄,臺北市萬華區武昌街2段18號,104/12/18,飲料批發業布疋、衣著、鞋、帽、傘、服飾品批發業家具、寢具、廚房器具、裝設品批發業日常用品批發業文教、樂器、育樂用品批發業飼料零售業食品什貨、飲料零售業布疋、衣著、鞋、帽、傘、服飾品零售業家具、寢具、廚房器具、裝設品零售業日常用品零售業文教、樂器、育樂用品零售業飲料店業其他餐飲業9999除許可業務外，得經營法令非禁止,NA,武昌街2段,
大力咖哩店,董珊珊,臺北市萬華區西寧南路70號地下一層之19,104/12/23,飲料店業餐館業                         9999除許可業務外，得經營法令非禁止或限制之業務,NA,西寧南路,
寶臨飲品店,王瑋涵,臺北市萬華區成都路90號1樓,104/12/30,食品什貨、飲料零售業飲料店業9999除許可業務外，得經營法令非禁止或限制之業務,NA,成都路,
發順蛋行,陳俊榮,臺北市萬華區西寧南路4號,104/12/31,其他農、畜、水產品批發業其他農畜水產品零售業食品什貨批發業食品什貨、飲料零售業9999除許可業務外，得經營法令非禁止或限制之業務,NA,西寧南路,
威森貿易行,陳君毅,臺北市萬華區昆明街96巷6之7號,103/02/27,批發業發業布疋、衣著、鞋、帽、傘、服飾品家具、寢具、廚房器具、裝設品批文教、樂器、育樂用品批發業,2014,昆明街,
卡布羅鮮味麵小館,張淳霖,臺北市萬華區西寧南路90巷14號,103/03/17,餐館業,2014,西寧南路,
崴視吉音響企業社,陳宏吉,臺北市萬華區西寧南路4號(臺北市公有西寧市場1樓1143、1144號攤位),103/03/07,文教、樂器、育樂用品批發業電器批發業精密儀器批發業電腦及事務性機器設備批發業,2014,西寧南路,
壹貳捌通訊行,周煒鑫,臺北市萬華區西寧南路36-92號,103/03/12,1010電信業務門號代辦業,2014,西寧南路,
足勇足體養生館,謝士清,臺北市萬華區漢中街2號,103/03/18,1010傳統整復推拿業1020按摩業9110瘦身美容業9999除許可業務外，得經營法令非禁止,2014,漢中街,
星光百分百小火鍋店,洪郁婷,臺北市萬華區康定路18之3號1樓,103/03/18,食品什貨、飲料零售業飲料店業餐館業9999除許可業務外，得經營法令非禁止,2014,康定路,
八九餐坊,程偉倫,臺北市萬華區成都路68號地下,103/03/21,菸酒零售業食品什貨、飲料零售業飲料店業餐館業9999除許可業務外，得經營法令非禁止或限制之業務,2014,成都路,
穩宏通訊行,林宏哲,臺北市萬華區西寧南路36之48號,103/03/21,13020電器批發業13050電腦及事務性機器設備批發業13070電信器材批發業13110電池批發業16010照相器材批發業18010資訊軟體批發業19010電子材料批發業日常用品零售業13010電器零售業13030電腦及事務性機器設備零售業13060電信器材零售業13110電池零售業16010照相器材零售業18010資訊軟體零售業19010電子材料零售業國際貿易業1010電信業務門號代辦業9999除許可業務外，得經營法令非禁止或限制之業務,2014,西寧南路,
司令咖啡號,詹于慧,臺北市萬華區中華路1段4之4號,103/03/25,99040無店面零售業99990其他綜合零售業9999除許可業務外，得經營法令非禁止或限制之業務,2014,中華路1段,
耶魯哈特行,王碩駿,臺北市萬華區武昌街2段50巷2之2號,103/03/25,飲料店業餐館業9999除許可業務外，得經營法令非禁止或限制之業務,2014,武昌街2段,
著私精品服飾行,洪一民,臺北市萬華區中華路1段114巷1號,103/03/25,布疋、衣著、鞋、帽、傘、服飾品批發業布疋、衣著、鞋、帽、傘、服飾品零售業99040無店面零售業99990其他綜合零售業國際貿易業,2014,中華路1段,
莎米特商行,林文成,臺北市萬華區中華路1段120號,103/04/18,        布疋、衣著、鞋、帽、傘、服飾品零售業,2014,中華路1段,
元創商行,范維元,臺北市萬華區中華路1段114巷11號,103/04/21,布疋、衣著、鞋、帽、傘、服飾品零售業,2014,中華路1段,
米緹服飾精品,林燕君,臺北市萬華區西寧南路72之1號,103/04/23,布疋、衣著、鞋、帽、傘、服飾品零售業9999除許可業務外，得經營法令非禁止或限制之業務,2014,西寧南路,
戰神網資訊社,吳瓊妃,臺北市萬華區武昌街2段134號1樓,103/05/02,資訊休閒業食品什貨、飲料零售業9999除許可業務外，得經營法令非禁止或限制之業務,2014,武昌街2段,
小愜意咖啡館,葉明聖,臺北市萬華區西寧南路212號1樓,103/05/08,餐館業飲料店業9999除許可業務外，得經營法令非禁止或限制之業務,2014,西寧南路,
三清商行,謝孟珍,臺北市萬華區康定路151號,103/05/26,餐館業食品什貨、飲料零售業,2014,康定路,
飛辣飛餐廳,王淑娟,臺北市萬華區峨眉街86號地下樓,103/05/26,餐館業飲料店業食品什貨、飲料零售業菸酒零售業9999除許可業務外，得經營法令非禁止或限制之業務,2014,峨眉街,
米筑服飾店,吳奕賢,臺北市萬華區西寧南路90巷11號1樓,103/06/10,布疋、衣著、鞋、帽、傘、服飾品批發業布疋、衣著、鞋、帽、傘、服飾品零售業99040無店面零售業                99990其他綜合零售業             9999除許可業務外，得經營法令非禁止或限制之業務,NA,西寧南路,
潮流指標精品店,呂佳祐,臺北市萬華區昆明街15號1樓,103/06/12,布疋、衣著、鞋、帽、傘、服飾品零售業,NA,昆明街,
迎禾小吃店,陳姿樺,臺北市萬華區昆明街259號1樓,103/06/16,食品什貨、飲料零售業飲料店業餐館業其他餐飲業除許可業務外，得經營法令非禁止,NA,昆明街,
宏揚彩券行,賴智傑,臺北市萬華區中華路1段144之23號,103/06/23,4020公益彩券經銷業,NA,中華路1段,
以樂工作室,葉柏宏,臺北市萬華區西寧南路148號,103/06/26,1010傳統整復推拿業,NA,西寧南路,
穎苑服飾精品店,廖穎婷,臺北市萬華區中華路1段216號,103/06/30,布疋、衣著、鞋、帽、傘、服飾品零售業,NA,中華路1段,
瑟邁摩服飾店,張朝修,臺北市萬華區昆明街96巷28號,103/07/02,布疋、衣著、鞋、帽、傘、服飾品零售業99040無店面零售業國際貿易業,NA,昆明街,
最有名號,后年俊,臺北市萬華區漢口街2段45號,103/07/07,飲料店業食品什貨、飲料零售業,NA,漢口街2段,
宏美水晶餃肉包店,張嘉宏,臺北市萬華區漢口街2段54之31號,103/08/05,食品什貨、飲料零售業,NA,漢口街2段,
松發電腦企業社,劉子隆,臺北市萬華區康定路25巷2號,103/08/07,電腦及事務性機器設備零售業電信器材零售業電信器材批發業資訊軟體零售業電子材料零售業資訊軟體服務業資料處理服務業電子資訊供應服務業電腦設備安裝業,NA,康定路,
湘君小吃店,周蘭香,臺北市萬華區康定路34號1樓,103/08/07,餐館業飲料店業食品什貨、飲料零售業菸酒零售業藝文服務業演藝活動業除許可業務外，得經營法令非禁止,NA,康定路,
麥兜精品服飾店,陳佑銓,臺北市萬華區武昌街2段50巷18號1樓,103/08/14,布疋、衣著、鞋、帽、傘、服飾品零售業9999除許可業務外，得經營法令非禁止或限制之業務,NA,武昌街2段,
雅惠精品店,黃嘉齡,臺北市萬華區昆明街314號,103/08/18,布疋、衣著、鞋、帽、傘、服飾品零售業,NA,昆明街,
新天地男女時尚養生館,黃玉郎,臺北市萬華區康定路18之1號,103/09/01,1020按摩業1030腳底按摩業9080美容美髮服務業不動產租賃業9999除許可業務外，得經營法令非禁止或限制之業務,NA,康定路,
恒鼎食品商行,戴建樟,臺北市萬華區成都路61之1號,103/09/05,乳品製造業罐頭、冷凍、脫水及醃漬食品製造業糖果製造業烘焙炊蒸食品製造業製粉業10010飲料製造業食用油脂批發業菸酒批發業飲料批發業茶葉批發業食品什貨批發業酒精批發業飼料批發業食品什貨、飲料零售業菸酒零售業酒精零售業,NA,成都路,
瀟湘園私家菜館,蕭燕霞,臺北市萬華區中華路1段196之1號,103/09/05,餐館業,NA,中華路1段,
羿豪商行,黃羿誠,臺北市萬華區西寧南路72之1號,103/09/17,日常用品零售業文教、樂器、育樂用品零售業,NA,西寧南路,
夢想實業社,李郁俊,臺北市萬華區西寧南路70之11號1樓,103/09/29,布疋、衣著、鞋、帽、傘、服飾品零售業9999除許可業務外，得經營法令非禁止或限制之業務,NA,西寧南路,
大雕燒餐坊,陳正傑,臺北市萬華區昆明街88號,103/09/30,餐館業食品什貨、飲料零售業化粧品零售業,NA,昆明街,
新可愛地音樂餐坊,陶蓉海,臺北市萬華區昆明街79號地下,103/09/30,食品什貨、飲料零售業菸酒零售業飲料店業餐館業除許可業務外，得經營法令非禁止,NA,昆明街,
德陞監視科技行,陳震武,臺北市萬華區中華路1段22號,103/09/30,五金批發業日常用品批發業模具批發業水器材料批發業13020電器批發業13030精密儀器批發業       13050電腦及事務性機器設備批發業13070電信器材批發業13110電池批發業16010照相器材批發業19010電子材料批發業五金零售業日常用品零售業模具零售業水器材料零售業13010電器零售業13030電腦及事務性機器設備零售業13040精密儀器零售業13060電信器材零售業13110電池零售業16010照相器材零售業19010電子材料零售業9999除許可業務外，得經營法令非禁止或限制之業務,NA,中華路1段,
彼德小舖,吳俊儒,臺北市萬華區武昌街2段50巷17號,103/10/03,布疋、衣著、鞋、帽、傘、服飾品零售業9999除許可業務外，得經營法令非禁止或限制之業務,NA,武昌街2段,
兩岸雲端企業社,施建興,臺北市萬華區昆明街305號,103/10/21,布疋、衣著、鞋、帽、傘、服飾品批發業家具、寢具、廚房器具、裝設品批發業五金批發業日常用品批發業化粧品批發業13050電腦及事務性機器設備批發業其他輸出入業9999除許可業務外，得經營法令非禁止或限制之業務,NA,昆明街,
吉吉茶業商行,邱淑珍,臺北市萬華區西寧南路188號(1樓),103/10/21,        農產品零售業食品什貨、飲料零售業,NA,西寧南路,
陳德妹服裝行,陳德妹,臺北市萬華區西寧南路72之1號,103/10/23,布疋、衣著、鞋、帽、傘、服飾品批發業布疋、衣著、鞋、帽、傘、服飾品零售業9999除許可業務外，得經營法令非禁止或限制之業務,NA,西寧南路,
聚樂町小吃店,吳瑞庭,臺北市萬華區武昌街2段99號1樓,103/10/23,NA,NA,武昌街2段,
昇日屋,王楊勛,臺北市萬華區武昌街2段82巷2弄3號1樓,103/10/27,布疋、衣著、鞋、帽、傘、服飾品零售業9999除許可業務外，得經營法令非禁止或限制之業務,NA,武昌街2段,
福安行,郭靜玲,臺北市萬華區漢中街49號1樓,103/11/03,不動產租賃業不動產買賣業國際貿易業日常用品批發業布疋、衣著、鞋、帽、傘、服飾品,NA,漢中街,
國王寵物美容館,李銘鴻,臺北市萬華區西寧南路192號1樓,103/11/04,寵物美容服務業,NA,西寧南路,
昱欣通訊企業社,簡瓊倫,臺北市萬華區西寧南路36之15號,103/11/05,13070電信器材批發業13060電信器材零售業99040無店面零售業國際貿易業資訊軟體服務業電子資訊供應服務業9999除許可業務外，得經營法令非禁止或限制之業務,NA,西寧南路,
貳號出口餐坊,許曉芸,臺北市中正區中華路1段59之23號,103/11/11,餐館業,NA,中華路1段,
旅行箱企業社,許金發,臺北市萬華區漢口街2段34巷17號,103/11/17,1010租賃業餐館業9999除許可業務外，得經營法令非禁止或限制之業務,NA,漢口街2段,
大和風養生館,林義順,臺北市萬華區康定路234號,103/11/26,1020按摩業,NA,康定路,
安盛行藝品店,陳枝瑞,臺北市萬華區昆明街306之1號,103/12/04,家具、寢具、廚房器具、裝設品零,NA,昆明街,
嘉慶商行,鄭沁怡,臺北市中正區中華路1段59之21號,103/12/18,2010電器及電子產品修理業,NA,中華路1段,
鮮果茶坊,張秀明,臺北市萬華區峨眉街14、16號1樓,103/12/29,飲料店業9999除許可業務外，得經營法令非禁止或限制之業務,NA,峨眉街,
喔賞小吃店,李月賞,臺北市萬華區康定路25巷35弄1號,102/01/02,制之業務餐館業,2013,康定路,
河岸服飾行,陳章瑋,臺北市萬華區峨眉街100號,102/01/02,制之業務布疋、衣著、鞋、帽、傘、服飾品零售,2013,峨眉街,
喜客企業社,曾許雙,臺北市萬華區中華路1段152之2號1樓,102/01/04,文教、樂器、育樂用品零售業布疋、衣著、鞋、帽、傘、服飾品零售,2013,中華路1段,
烤香咖啡烘焙坊,楊惠菁,臺北市萬華區成都路55號,102/01/04,制之業務食品什貨、飲料零售業,2013,成都路,
勝宏廣告企業社,李岱瑋,臺北市萬華區漢中街203號1樓,102/01/25,14030汽、機車零件配備零售業一般廣告服務業,2013,漢中街,
雙進企業社,林姿君,臺北市萬華區康定路162號1樓,102/01/25,制之業務布疋、衣著、鞋、帽、傘、服飾品批發,2013,康定路,
悅庭餐坊,方翠娥,臺北市萬華區康定路36號1樓,102/01/29,食品什貨、飲料零售業,2013,康定路,
一級小吃店,廖信雄,臺北市萬華區成都路27巷11號地下樓,102/01/04,祭祀用品零售業飲料店業,2013,成都路,
倢亞精品店,劉家銘,臺北市萬華區漢中街115號,102/02/01,布疋、衣著、鞋、帽、傘、服飾品批發,2013,漢中街,
財發發服飾精品店成都店,黃馨範,臺北市萬華區成都路27巷7號,102/02/05,制之業務布疋、衣著、鞋、帽、傘、服飾品零售,2013,成都路,
淯棚餐館,劉曉玲,臺北市萬華區康定路18之3號,102/02/07,9030攝影業飲料批發業,2013,康定路,
哲明精品店,陳鳴智,臺北市萬華區昆明街189號,102/02/07,制之業務布疋、衣著、鞋、帽、傘、服飾品零售,2013,昆明街,
大堡商號,何心瑜,臺北市萬華區漢中街150號,102/02/21,食品什貨、飲料零售業食品什貨、飲料零售業,2013,漢中街,
佳康企業社,廖麗娟,臺北市萬華區漢中街108號(1樓),102/02/22,不動產租賃業,2013,漢中街,
御晶珠寶銀樓,周逸婷,臺北市萬華區昆明街218號,102/02/23,製版業15010首飾及貴金屬批發業,2013,昆明街,
鴣鴣清茶館,龔永昌,臺北市萬華區康定路278巷9號,102/03/04,飲料店業,2013,康定路,
緹米企業社,李慧如,臺北市萬華區西寧南路72之1號,102/03/06,布疋、衣著、鞋、帽、傘、服飾品零售,2013,西寧南路,
摩登族鞋鋪,陳雅琪,臺北市萬華區西寧南路36之25、36之26號,102/03/11,制之業務布疋、衣著、鞋、帽、傘、服飾品零售,2013,西寧南路,
國賓鹹粥店,李惠美,臺北市萬華區成都路91號1樓,102/03/13,其他餐飲業餐館業,2013,成都路,
一起瘋商行,黃俊哲,臺北市萬華區西寧南路70之27號1樓,102/03/15,制之業務99990其他零售業,2013,西寧南路,
瑞峰服飾店,李瑞?,臺北市萬華區昆明街136巷1弄10號(地下一層),102/03/15,13060電信器材零售業布疋、衣著、鞋、帽、傘、服飾品零售,2013,昆明街,
彩雲服飾店,柯麗華,臺北市萬華區成都路20號,102/03/21,日常用品零售業布疋、衣著、鞋、帽、傘、服飾品批發,2013,成都路,
廷翊精品店,陳欣慧,臺北市萬華區西寧南路50巷13號,102/03/22,食品什貨批發業,2013,西寧南路,
小鬍子小吃店,馮國安,臺北市萬華區西寧南路70號地下(之28),102/03/22,制之業務餐館業,2013,西寧南路,
仁聖堂,陳鵬宇,臺北市萬華區昆明街217號,102/04/01,99040無店面零售業1010傳統整復推拿業,2013,昆明街,
布空間服飾行,吳俊儒,臺北市萬華區西寧南路36之22號,102/04/01,布疋、衣著、鞋、帽、傘、服飾品零售,2013,西寧南路,
妏心企業社,孫國茂,臺北市萬華區西寧南路102巷5號1樓,102/04/03,電器承裝業,2013,西寧南路,
美樂服飾店,黃有志,臺北市萬華區中華路1段114巷3號1樓,102/04/03,制之業務布疋、衣著、鞋、帽、傘、服飾品批發,2013,中華路1段,
哈哈美甲藝術沙龍,王文伶,臺北市中正區中華路1段59之3號,102/04/12,9070裁縫服務業9080美容美髮服務業,2013,中華路1段,
義大儷皮件行,胡定,臺北市萬華區漢口街2段54之1號1樓,102/04/18,99040無店面零售業布疋、衣著、鞋、帽、傘、服飾品批發,2013,漢口街2段,
豪瑞企業社,曹家豪,臺北市萬華區成都路42號,102/04/23,飲料店業其他農、畜、水產品批發業,2013,成都路,
山豬影像,吳哲瑋,臺北市萬華區武昌街2段122之1號,102/04/23,一般廣告服務業,2013,武昌街2段,
梅子時尚藝術指甲坊,江恕瑋,臺北市萬華區武昌街2段50巷18號,102/04/23,食品什貨、飲料零售業9080美容美髮服務業,2013,武昌街2段,
嘉美工作室,蘇廷喨,臺北市萬華區康定路74巷13號1樓,102/04/29,化粧品零售業文教、樂器、育樂用品零售業,2013,康定路,
星星飾品店,吳淑靜,臺北市萬華區西寧南路131號,102/04/24,制之業務布疋、衣著、鞋、帽、傘、服飾品零售,2013,西寧南路,
怡和企業社,林世昌,臺北市萬華區成都路35號,102/05/01,不動產買賣業不動產租賃業,2013,成都路,
建昌實業社,徐武祥,臺北市萬華區康定路66號,102/05/01,漆料、塗料批發業,2013,康定路,
方塊插頭精品服飾店,李汶欣,臺北市萬華區成都路27巷8之1號1樓,102/05/03,飲料店業布疋、衣著、鞋、帽、傘、服飾品零售,2013,成都路,
黑色甜心服飾店,洪芸惠,臺北市萬華區武昌街2段50巷12號,102/05/06,布疋、衣著、鞋、帽、傘、服飾品零售,2013,武昌街2段,
竹林飲食店,曾淑貞,臺北市萬華區中華路1段114巷9號(1樓),102/05/07,制之業務餐館業,2013,中華路1段,
歐文飲料店,楊惠菁,臺北市萬華區成都路55號,102/05/22,食品什貨、飲料零售業,2013,成都路,
威榮地產顧問社,許書榮,臺北市萬華區康定路150號,102/05/23,不動產仲介經紀業,2013,康定路,
痞斯髮藝坊,廖子芸,臺北市萬華區昆明街96巷4號,102/05/27,制之業務9080美容美髮服務業,2013,昆明街,
大衫元男裝超超大尺碼服飾店,陳惠萍,臺北市萬華區昆明街184之1號,102/05/29,布疋、衣著、鞋、帽、傘、服飾品批發,2013,昆明街,
大滿客養生館,蕭宏展,臺北市萬華區昆明街152號,102/05/30,1020按摩業,2013,昆明街,
旋轉木馬服飾店,林季穎,臺北市萬華區漢中街50巷7號,102/05/07,食品什貨、飲料零售業布疋、衣著、鞋、帽、傘、服飾品零售,2013,漢中街,
艾克斯波斯精品店,馮彥豪,臺北市萬華區漢中街35之21號,102/06/03,制之業務布疋、衣著、鞋、帽、傘、服飾品零售,2013,漢中街,
漢中流行工作室,楊志讚,臺北市萬華區漢中街50巷8號1樓,102/06/04,制之業務布疋、衣著、鞋、帽、傘、服飾品批發,2013,漢中街,
梁元昌髮型工作室,梁元昌,臺北市萬華區西寧南路72之1號,102/06/13,9080美容美髮服務業,2013,西寧南路,
鎮城廣告企業社,林郁?,臺北市萬華區康定路88號,102/06/14,業一般廣告服務業,2013,康定路,
銀朵飾品坊,唐美如,臺北市萬華區西寧南路72之1號,102/06/14,一般廣告服務業9999除許可業務外，得經營法令非禁止或限,2013,西寧南路,
泉鋒精品行,陳哲玄,臺北市萬華區西寧南路72之1號,102/06/14,布疋、衣著、鞋、帽、傘、服飾品零售業13030電腦及事務性機器設備零售業,2013,西寧南路,
福鑫餐館,林金鐘,臺北市萬華區漢中街109之2號1樓,102/06/14,制之業務餐館業,2013,漢中街,
大和風養生館,蕭宏展,臺北市萬華區康定路234號,102/06/17,業1020按摩業,2013,康定路,
天源通訊行,洪嘉妤,臺北市萬華區西寧南路36之8號,102/06/17,電器承裝業13060電信器材零售業,2013,西寧南路,
昇傑車業,謝孟傑,臺北市萬華區西寧南路273號,102/06/21,14020機車批發業,2013,西寧南路,
心聆餐坊,林品潤,臺北市萬華區武昌街2段120巷11號,102/06/25,餐館業,2013,武昌街2段,
保和企業社,林世昌,臺北市萬華區西寧南路36之33號,102/07/02,制之業務不動產租賃業,2013,西寧南路,
昆明史考特服飾,蔡澤偉,臺北市萬華區昆明街15號(1樓),102/07/03,餐館業布疋、衣著、鞋、帽、傘、服飾品批發,2013,昆明街,
菊園服飾,林洋逸,臺北市萬華區武昌街2段68號之1,102/07/03,業布疋、衣著、鞋、帽、傘、服飾品零售,2013,武昌街2段,
齊臨開發企業社,洪世杰,臺北市萬華區漢口街2段55號地下1樓,102/07/05,化粧品批發業,2013,漢口街2段,
立彥商行,陳彥君,臺北市萬華區武昌街2段3號1樓,102/07/05,制之業務飲料店業,2013,武昌街2段,
嘉榮茶行,吳嘉榮,臺北市萬華區成都路90號,102/07/05,餐館業飲料店業,2013,成都路,
西門地小吃店,黃?威,臺北市萬華區成都路105巷10號,102/07/09,制之業務飲料店業,2013,成都路,
衣坊服飾行,賴振榮,臺北市萬華區康定路358號1樓,102/07/11,布疋、衣著、鞋、帽、傘、服飾品批發,2013,康定路,
妍之序精品服飾店,李易儒,臺北市萬華區武昌街2段72號之3,102/07/15,產品設計業布疋、衣著、鞋、帽、傘、服飾品零售,2013,武昌街2段,
溫暖人工作室,黃品冠,臺北市萬華區中華路1段160號,102/07/18,制之業務演藝活動業,2013,中華路1段,
百利足體養生館,黃柏欽,臺北市萬華區西寧南路192之4號,102/07/22,制之業務1020按摩業,2013,西寧南路,
鴻海通訊行,賴國欽,臺北市萬華區西寧南路81號,102/07/26,飲料店業13060電信器材零售業,2013,西寧南路,
福星冰?室,呂佩玲,臺北市萬華區昆明街36號1樓,102/08/08,制之業務飲料店業,2013,昆明街,
芳宗服裝行,何芳宗,臺北市萬華區康定路358號1樓,102/08/16,制之業務布疋、衣著、鞋、帽、傘、服飾品批發,2013,康定路,
鑫立通訊行,許家儒,臺北市萬華區西寧南路36之67號,102/08/28,制之業務1010電信業務門號代辦業,2013,西寧南路,
谷翰實業商行,吳道弘,臺北市萬華區武昌街2段83-14號1樓,102/08/29,制之業務布疋、衣著、鞋、帽、傘、服飾品零售,2013,武昌街2段,
紅機通訊數位科技社,陳漢,臺北市萬華區西寧南路70之11號1樓,102/09/02,食品什貨批發業13070電信器材批發業,2013,西寧南路,
奔騰藝術企業社,張若華,臺北市萬華區漢口街2段69號1樓,102/09/02,9990其他工程業化粧品批發業,2013,漢口街2段,
三傑社,李祥傑,臺北市萬華區漢口街2段74巷4號,102/09/03,業布疋、衣著、鞋、帽、傘、服飾品零售,2013,漢口街2段,
八方茶莊,戴富淼,臺北市萬華區漢口街2段31號,102/09/04,制之業務食品什貨、飲料零售業,2013,漢口街2段,
拾參商行,朱衍麒,臺北市萬華區武昌街2段82巷2弄6號,102/09/13,9080美容美髮服務業,2013,武昌街2段,
騏驊服飾行,黃佳玲,臺北市萬華區康定路360之1號,102/09/14,制之業務布疋、衣著、鞋、帽、傘、服飾品批發,2013,康定路,
至捷企業社,劉淑如,臺北市萬華區漢中街121號1樓,102/09/16,食品什貨、飲料零售業布疋、衣著、鞋、帽、傘、服飾品零售,2013,漢中街,
普蕾蜜爾精品服飾店,邱郁晴,臺北市萬華區武昌街2段72之4號,102/09/23,布疋、衣著、鞋、帽、傘、服飾品零售,2013,武昌街2段,
尊碩西服企業社,陳英碩,臺北市萬華區漢口街2段54之37號1樓,102/09/24,食品什貨、飲料零售業布疋、衣著、鞋、帽、傘、服飾品零售,2013,漢口街2段,
圓仔小吃店,陳靜惠,臺北市萬華區中華路1段114巷4之42號,102/09/24,制之業務食品什貨、飲料零售業,2013,中華路1段,
熊都創意小吃店,曾嘉豪,臺北市萬華區昆明街259號1樓,102/09/25,制之業務食品什貨、飲料零售業,2013,昆明街,
好事達傢俱企業社,蕭恒男,臺北市萬華區峨眉街28號地下之32,102/09/25,飲料店業家具、寢具、廚房器具、裝設品零售業,2013,峨眉街,
錢來也彩券投注站,游益壽,臺北市萬華區康定路223號(1樓),102/09/26,食品什貨、飲料零售業,2013,康定路,
雅惠精品店,黃啟斌,臺北市萬華區昆明街314號,102/09/26,布疋、衣著、鞋、帽、傘、服飾品零售,2013,昆明街,
仁旺彩券行,許寶姜,臺北市萬華區康定路138號1樓,102/09/27,4020公益彩券經銷業,2013,康定路,
魁鉞彩券行,林凱盛,臺北市萬華區昆明街180之１號,102/09/27,特定寵物零售業4020公益彩券經銷業,2013,昆明街,
想太多藝文咖啡坊,陳昱旭,臺北市萬華區成都路2號,102/09/30,制之業務食品什貨、飲料零售業,2013,成都路,
來就好運彩券行,張皓雲,臺北市萬華區西寧南路207號,102/09/30,4020公益彩券經銷業,2013,西寧南路,
鶴紅小吃店,范玉燕,臺北市萬華區昆明街105號,102/09/05,食品什貨、飲料零售業餐館業,2013,昆明街,
增進財彩券行,陳囿任,臺北市萬華區康定路292號,102/11/01,制之業務4020公益彩券經銷業,2013,康定路,
晉寶屋運動彩券行,郭旭展,臺北市萬華區康定路292號1樓,102/11/05,8021運動彩券經銷業,2013,康定路,
金源寶運動彩券行,林鎮忠,臺北市萬華區漢中街169號1樓,102/11/05,8021運動彩券經銷業,2013,漢中街,
倍樂商行,簡啟仁,臺北市萬華區中華路1段18巷33號(1樓),102/11/06,制之業務文教、樂器、育樂用品批發業,2013,中華路1段,
福鈺食堂,林金鐘,臺北市萬華區漢中街109之2號1樓,102/11/08,制之業務餐館業,2013,漢中街,
寶屋企業社,曹銘容,臺北市萬華區西寧南路186號1樓,102/11/11,制之業務4020公益彩券經銷業,2013,西寧南路,
雨傘大王商行,劉明忠,臺北市萬華區武昌街2段56號,102/11/12,制之業務布疋、衣著、鞋、帽、傘、服飾品批發,2013,武昌街2段,
天天來彩券行,張佩玲,臺北市萬華區昆明街105號,102/11/14,文教、樂器、育樂用品批發業4020公益彩券經銷業,2013,昆明街,
大金塊投注站,楊子賢,臺北市萬華區康定路257號(1樓),102/11/15,資料處理服務業8021運動彩券經銷業,2013,康定路,
沛群飲料店,呂春萍,臺北市萬華區成都路53號1樓,102/11/18,制之業務食品什貨、飲料零售業,2013,成都路,
揚發彩券行,郭春月,臺北市萬華區康定路213號(1樓),102/11/19,4020公益彩券經銷業,2013,康定路,
西門靖小吃店,鄭子靖,臺北市萬華區武昌街2段122號,102/11/21,制之業務餐館業,2013,武昌街2段,
狀元投注站,?錫龍,臺北市萬華區昆明街270號,102/11/21,藝文服務業4020公益彩券經銷業,2013,昆明街,
安億存彩券行,王蘇生,臺北市萬華區漢中街169號,102/11/26,業4020公益彩券經銷業,2013,漢中街,
加減乘除服飾店,吳漢哲,臺北市萬華區西寧南路72-1號(1樓18室),102/11/27,飲料店業布疋、衣著、鞋、帽、傘、服飾品零售,2013,西寧南路,
萬事如億彩券行,林金勳,臺北市萬華區西寧南路36之87號,102/11/27,制之業務4020公益彩券經銷業,2013,西寧南路,
艾提精品坊,黃夙吟,臺北市萬華區武昌街2段56號,102/12/03,布疋、衣著、鞋、帽、傘、服飾品零售,2013,武昌街2段,
雙囍甜點坊,永婉婷,臺北市萬華區成都路117號1樓,102/12/03,農產品零售業食品什貨、飲料零售業,2013,成都路,
天天送彩券行,潘國源,臺北市萬華區漢中街163號,102/12/04,食品什貨、飲料零售業4020公益彩券經銷業,2013,漢中街,
峨嵋綠茶店,張書瑋,臺北市萬華區峨眉街49號,102/12/12,制之業務飲料店業,2013,峨眉街,
兆鴻運動彩券行,林宏治,臺北市萬華區武昌街2段1號,102/12/13,寵物食品及其用品零售業8021運動彩券經銷業,2013,武昌街2段,